Data/Hora,Segundos,Sensor1,Sensor2,Sensor3
2024-11-25 15:13:34,0.00,103.50,0.00,0.00
2024-11-25 15:13:39,5.04,103.75,0.00,0.00
2024-11-25 15:13:44,10.13,103.25,0.00,0.00
2024-11-25 15:13:50,15.23,103.00,0.00,0.00
2024-11-25 15:13:55,20.29,102.75,0.00,0.00
2024-11-25 15:14:00,25.35,103.00,0.00,0.00
2024-11-25 15:14:05,30.38,102.50,0.00,0.00
2024-11-25 15:14:10,35.38,103.00,0.00,0.00
2024-11-25 15:14:15,40.43,102.50,0.00,0.00
2024-11-25 15:14:20,45.50,102.50,0.00,0.00
2024-11-25 15:14:25,50.56,102.50,0.00,0.00
2024-11-25 15:14:30,55.64,102.50,0.00,0.00
2024-11-25 15:14:35,60.65,102.00,0.00,0.00
2024-11-25 15:14:40,65.68,102.00,0.00,0.00
2024-11-25 15:14:45,70.76,102.00,0.00,0.00
2024-11-25 15:14:50,75.80,102.00,0.00,0.00
2024-11-25 15:14:55,80.80,102.00,0.00,0.00
2024-11-25 15:15:00,85.82,101.75,0.00,0.00
2024-11-25 15:15:05,90.85,101.75,0.00,0.00
2024-11-25 15:15:10,95.91,101.75,0.00,0.00
2024-11-25 15:15:15,100.91,101.50,0.00,0.00
2024-11-25 15:15:20,105.92,101.50,0.00,0.00
2024-11-25 15:15:25,110.94,101.25,0.00,0.00
2024-11-25 15:15:30,115.95,101.50,0.00,0.00
2024-11-25 15:15:35,120.96,101.25,0.00,0.00
2024-11-25 15:15:40,125.97,101.25,0.00,0.00
2024-11-25 15:15:45,130.97,100.75,0.00,0.00
2024-11-25 15:15:50,136.01,101.00,0.00,0.00
2024-11-25 15:15:55,141.03,101.00,0.00,0.00
2024-11-25 15:16:00,146.08,100.75,0.00,0.00
2024-11-25 15:16:05,151.13,100.25,0.00,0.00
2024-11-25 15:16:11,156.16,100.75,0.00,0.00
2024-11-25 15:16:16,161.16,100.00,0.00,0.00
2024-11-25 15:16:21,166.19,100.50,0.00,0.00
2024-11-25 15:16:26,171.20,100.75,0.00,0.00
2024-11-25 15:16:31,176.28,100.25,0.00,0.00
2024-11-25 15:16:36,181.30,99.75,0.00,0.00
2024-11-25 15:16:41,186.33,100.00,0.00,0.00
2024-11-25 15:16:46,191.35,99.50,0.00,0.00
2024-11-25 15:16:51,196.44,100.25,0.00,0.00
2024-11-25 15:16:56,201.44,99.75,0.00,0.00
2024-11-25 15:17:01,206.46,99.50,0.00,0.00
2024-11-25 15:17:06,211.48,99.50,0.00,0.00
2024-11-25 15:17:11,216.57,99.25,0.00,0.00
2024-11-25 15:17:16,221.60,99.25,0.00,0.00
2024-11-25 15:17:21,226.69,99.50,0.00,0.00
2024-11-25 15:17:26,231.73,99.00,0.00,0.00
2024-11-25 15:17:31,236.81,99.25,0.00,0.00
2024-11-25 15:17:36,241.83,99.00,0.00,0.00
2024-11-25 15:17:41,246.84,98.50,0.00,0.00
2024-11-25 15:17:46,251.85,98.75,0.00,0.00
2024-11-25 15:17:51,256.86,98.75,0.00,0.00
2024-11-25 15:17:56,261.87,98.25,0.00,0.00
2024-11-25 15:18:01,266.90,98.00,0.00,0.00
2024-11-25 15:18:06,271.98,98.50,0.00,0.00
2024-11-25 15:18:11,277.01,98.00,0.00,0.00
2024-11-25 15:18:16,282.11,98.25,0.00,0.00
2024-11-25 15:18:21,287.14,98.25,0.00,0.00
2024-11-25 15:18:27,292.23,97.75,0.00,0.00
2024-11-25 15:18:32,297.31,98.00,0.00,0.00
2024-11-25 15:18:37,302.38,97.75,0.00,0.00
2024-11-25 15:18:42,307.47,97.25,0.00,0.00
2024-11-25 15:18:47,312.48,97.75,0.00,0.00
2024-11-25 15:18:52,317.50,97.25,0.00,0.00
2024-11-25 15:18:57,322.51,96.75,0.00,0.00
2024-11-25 15:19:02,327.52,97.50,0.00,0.00
2024-11-25 15:19:07,332.56,97.00,0.00,0.00
2024-11-25 15:19:12,337.65,97.25,0.00,0.00
2024-11-25 15:19:17,342.65,97.25,0.00,0.00
2024-11-25 15:19:22,347.70,97.00,0.00,0.00
2024-11-25 15:19:27,352.78,96.50,0.00,0.00
2024-11-25 15:19:32,357.81,96.25,0.00,0.00
2024-11-25 15:19:37,362.82,96.75,0.00,0.00
2024-11-25 15:19:42,367.83,96.50,0.00,0.00
2024-11-25 15:19:47,372.93,96.75,0.00,0.00
2024-11-25 15:19:52,377.94,96.50,0.00,0.00
2024-11-25 15:19:57,382.95,96.25,0.00,0.00
2024-11-25 15:20:02,387.96,96.50,0.00,0.00
2024-11-25 15:20:07,392.96,96.25,0.00,0.00
2024-11-25 15:20:12,397.98,96.25,0.00,0.00
2024-11-25 15:20:17,402.99,96.25,0.00,0.00
2024-11-25 15:20:22,408.00,95.75,0.00,0.00
2024-11-25 15:20:27,413.03,96.00,0.00,0.00
2024-11-25 15:20:32,418.11,96.00,0.00,0.00
2024-11-25 15:20:37,423.12,95.75,0.00,0.00
2024-11-25 15:20:42,428.15,95.00,0.00,0.00
2024-11-25 15:20:48,433.25,95.25,0.00,0.00
2024-11-25 15:20:53,438.32,95.75,0.00,0.00
2024-11-25 15:20:58,443.40,95.25,0.00,0.00
2024-11-25 15:21:03,448.50,95.00,0.00,0.00
2024-11-25 15:21:08,453.59,95.00,0.00,0.00
2024-11-25 15:21:13,458.62,94.75,0.00,0.00
2024-11-25 15:21:18,463.71,95.00,0.00,0.00
2024-11-25 15:21:23,468.73,94.50,0.00,0.00
2024-11-25 15:21:28,473.83,95.00,0.00,0.00
2024-11-25 15:21:33,478.87,95.00,0.00,0.00
2024-11-25 15:21:38,483.97,94.50,0.00,0.00
2024-11-25 15:21:43,488.97,95.00,0.00,0.00
2024-11-25 15:21:48,494.01,94.50,0.00,0.00
2024-11-25 15:21:53,499.10,94.25,0.00,0.00
2024-11-25 15:21:58,504.12,94.25,0.00,0.00
2024-11-25 15:22:04,509.17,94.00,0.00,0.00
2024-11-25 15:22:09,514.25,94.00,0.00,0.00
2024-11-25 15:22:14,519.34,94.00,0.00,0.00
2024-11-25 15:22:19,524.35,94.00,0.00,0.00
2024-11-25 15:22:24,529.36,94.25,0.00,0.00
2024-11-25 15:22:29,534.37,93.50,0.00,0.00
2024-11-25 15:22:34,539.40,93.75,0.00,0.00
2024-11-25 15:22:39,544.44,93.50,0.00,0.00
2024-11-25 15:22:44,549.50,93.75,0.00,0.00
2024-11-25 15:22:49,554.54,93.00,0.00,0.00
2024-11-25 15:22:54,559.63,93.25,0.00,0.00
2024-11-25 15:22:59,564.67,93.00,0.00,0.00
2024-11-25 15:23:04,569.75,93.25,0.00,0.00
2024-11-25 15:23:09,574.78,93.25,0.00,0.00
2024-11-25 15:23:14,579.87,93.25,0.00,0.00
2024-11-25 15:23:19,584.91,92.50,0.00,0.00
2024-11-25 15:23:24,590.00,93.00,0.00,0.00
2024-11-25 15:23:29,595.10,92.75,0.00,0.00
2024-11-25 15:23:34,600.12,92.75,0.00,0.00
2024-11-25 15:23:39,605.15,92.00,0.00,0.00
2024-11-25 15:23:45,610.23,92.00,0.00,0.00
2024-11-25 15:23:50,615.27,92.00,0.00,0.00
2024-11-25 15:23:55,620.31,92.25,0.00,0.00
2024-11-25 15:24:00,625.39,92.00,0.00,0.00
2024-11-25 15:24:05,630.40,92.00,0.00,0.00
2024-11-25 15:24:10,635.50,92.25,0.00,0.00
2024-11-25 15:24:15,640.53,92.25,0.00,0.00
2024-11-25 15:24:20,645.63,92.00,0.00,0.00
2024-11-25 15:24:25,650.73,91.75,0.00,0.00
2024-11-25 15:24:30,655.74,91.25,0.00,0.00
2024-11-25 15:24:35,660.77,91.75,0.00,0.00
2024-11-25 15:24:40,665.86,91.25,0.00,0.00
2024-11-25 15:24:45,670.90,91.75,0.00,0.00
2024-11-25 15:24:50,675.90,91.25,0.00,0.00
2024-11-25 15:24:55,680.92,91.00,0.00,0.00
2024-11-25 15:25:00,686.01,91.25,0.00,0.00
2024-11-25 15:25:05,691.02,91.25,0.00,0.00
2024-11-25 15:25:10,696.04,90.75,0.00,0.00
2024-11-25 15:25:15,701.13,91.25,0.00,0.00
2024-11-25 15:25:21,706.16,91.00,0.00,0.00
2024-11-25 15:25:26,711.26,90.50,0.00,0.00
2024-11-25 15:25:31,716.28,91.00,0.00,0.00
2024-11-25 15:25:36,721.39,90.50,0.00,0.00
2024-11-25 15:25:41,726.40,91.00,0.00,0.00
2024-11-25 15:25:46,731.40,90.50,0.00,0.00
2024-11-25 15:25:51,736.43,90.50,0.00,0.00
2024-11-25 15:25:56,741.53,90.50,0.00,0.00
2024-11-25 15:26:01,746.54,90.25,0.00,0.00
2024-11-25 15:26:06,751.62,90.25,0.00,0.00
2024-11-25 15:26:11,756.66,89.75,0.00,0.00
2024-11-25 15:26:16,761.69,89.75,0.00,0.00
2024-11-25 15:26:21,766.70,90.25,0.00,0.00
2024-11-25 15:26:26,771.72,89.75,0.00,0.00
2024-11-25 15:26:31,776.73,89.75,0.00,0.00
2024-11-25 15:26:36,781.83,89.50,0.00,0.00
2024-11-25 15:26:41,786.83,89.25,0.00,0.00
2024-11-25 15:26:46,791.88,89.50,0.00,0.00
2024-11-25 15:26:51,796.95,89.00,0.00,0.00
2024-11-25 15:26:56,802.02,89.50,0.00,0.00
2024-11-25 15:27:01,807.07,89.25,0.00,0.00
2024-11-25 15:27:06,812.10,89.50,0.00,0.00
2024-11-25 15:27:11,817.12,89.25,0.00,0.00
2024-11-25 15:27:16,822.13,89.25,0.00,0.00
2024-11-25 15:27:22,827.23,89.00,0.00,0.00
2024-11-25 15:27:27,832.33,89.00,0.00,0.00
2024-11-25 15:27:32,837.40,88.50,0.00,0.00
2024-11-25 15:27:37,842.47,88.50,0.00,0.00
2024-11-25 15:27:42,847.56,88.75,0.00,0.00
2024-11-25 15:27:47,852.57,88.75,0.00,0.00
2024-11-25 15:27:52,857.66,88.75,0.00,0.00
2024-11-25 15:27:57,862.71,88.75,0.00,0.00
2024-11-25 15:28:02,867.72,87.75,0.00,0.00
2024-11-25 15:28:07,872.82,88.50,0.00,0.00
2024-11-25 15:28:12,877.86,88.25,0.00,0.00
2024-11-25 15:28:17,882.86,88.25,0.00,0.00
2024-11-25 15:28:22,887.87,88.00,0.00,0.00
2024-11-25 15:28:27,892.90,88.00,0.00,0.00
2024-11-25 15:28:32,897.99,87.50,0.00,0.00
2024-11-25 15:28:37,903.08,88.00,0.00,0.00
2024-11-25 15:28:42,908.09,87.25,0.00,0.00
2024-11-25 15:28:47,913.11,87.75,0.00,0.00
2024-11-25 15:28:52,918.13,87.50,0.00,0.00
2024-11-25 15:28:57,923.13,87.75,0.00,0.00
2024-11-25 15:29:02,928.15,87.75,0.00,0.00
2024-11-25 15:29:08,933.24,87.50,0.00,0.00
2024-11-25 15:29:13,938.27,87.00,0.00,0.00
2024-11-25 15:29:18,943.29,87.50,0.00,0.00
2024-11-25 15:29:23,948.30,87.00,0.00,0.00
2024-11-25 15:29:28,953.31,86.75,0.00,0.00
2024-11-25 15:29:33,958.40,87.25,0.00,0.00
2024-11-25 15:29:38,963.43,86.75,0.00,0.00
2024-11-25 15:29:43,968.48,86.50,0.00,0.00
2024-11-25 15:29:48,973.55,86.25,0.00,0.00
2024-11-25 15:29:53,978.58,86.50,0.00,0.00
2024-11-25 15:29:58,983.66,86.75,0.00,0.00
2024-11-25 15:30:03,988.69,86.50,0.00,0.00
2024-11-25 15:30:08,993.78,86.50,0.00,0.00
2024-11-25 15:30:13,998.81,86.25,0.00,0.00
2024-11-25 15:30:18,1003.82,85.75,0.00,0.00
2024-11-25 15:30:23,1008.84,86.25,0.00,0.00
2024-11-25 15:30:28,1013.93,86.00,0.00,0.00
2024-11-25 15:30:33,1018.94,85.50,0.00,0.00
2024-11-25 15:30:38,1023.94,85.75,0.00,0.00
2024-11-25 15:30:43,1028.98,85.75,0.00,0.00
2024-11-25 15:30:48,1033.98,85.75,0.00,0.00
2024-11-25 15:30:53,1039.08,85.75,0.00,0.00
2024-11-25 15:30:58,1044.11,85.50,0.00,0.00
2024-11-25 15:31:04,1049.20,85.25,0.00,0.00
2024-11-25 15:31:09,1054.24,84.75,0.00,0.00
2024-11-25 15:31:14,1059.24,85.00,0.00,0.00
2024-11-25 15:31:19,1064.25,85.00,0.00,0.00
2024-11-25 15:31:24,1069.27,85.00,0.00,0.00
2024-11-25 15:31:29,1074.27,85.25,0.00,0.00
2024-11-25 15:31:34,1079.37,84.75,0.00,0.00
2024-11-25 15:31:39,1084.40,85.00,0.00,0.00
2024-11-25 15:31:44,1089.41,84.75,0.00,0.00
2024-11-25 15:31:49,1094.42,85.00,0.00,0.00
2024-11-25 15:31:54,1099.46,84.75,0.00,0.00
2024-11-25 15:31:59,1104.55,84.75,0.00,0.00
2024-11-25 15:32:04,1109.65,84.75,0.00,0.00
2024-11-25 15:32:09,1114.71,84.50,0.00,0.00
2024-11-25 15:32:14,1119.78,84.50,0.00,0.00
2024-11-25 15:32:19,1124.87,84.50,0.00,0.00
2024-11-25 15:32:24,1129.88,83.75,0.00,0.00
2024-11-25 15:32:29,1134.90,84.25,0.00,0.00
2024-11-25 15:32:34,1139.92,83.75,0.00,0.00
2024-11-25 15:32:39,1145.01,84.00,0.00,0.00
2024-11-25 15:32:44,1150.03,83.75,0.00,0.00
2024-11-25 15:32:49,1155.05,84.25,0.00,0.00
2024-11-25 15:32:54,1160.15,83.75,0.00,0.00
2024-11-25 15:33:00,1165.19,83.25,0.00,0.00
2024-11-25 15:33:05,1170.23,83.50,0.00,0.00
2024-11-25 15:33:10,1175.28,83.25,0.00,0.00
2024-11-25 15:33:15,1180.33,83.00,0.00,0.00
2024-11-25 15:33:20,1185.33,83.50,0.00,0.00
2024-11-25 15:33:25,1190.35,83.50,0.00,0.00
2024-11-25 15:33:30,1195.44,83.25,0.00,0.00
2024-11-25 15:33:35,1200.46,83.25,0.00,0.00
2024-11-25 15:33:40,1205.56,83.25,0.00,0.00
2024-11-25 15:33:45,1210.61,82.75,0.00,0.00
2024-11-25 15:33:50,1215.69,83.00,0.00,0.00
2024-11-25 15:33:55,1220.79,83.00,0.00,0.00
2024-11-25 15:34:00,1225.81,83.00,0.00,0.00
2024-11-25 15:34:05,1230.81,82.50,0.00,0.00
2024-11-25 15:34:10,1235.84,82.50,0.00,0.00
2024-11-25 15:34:15,1240.93,82.75,0.00,0.00
2024-11-25 15:34:20,1246.02,82.75,0.00,0.00
2024-11-25 15:34:25,1251.05,82.25,0.00,0.00
2024-11-25 15:34:30,1256.07,82.50,0.00,0.00
2024-11-25 15:34:35,1261.08,82.50,0.00,0.00
2024-11-25 15:34:40,1266.10,82.00,0.00,0.00
2024-11-25 15:34:45,1271.10,82.00,0.00,0.00
2024-11-25 15:34:50,1276.12,82.00,0.00,0.00
2024-11-25 15:34:56,1281.22,82.00,0.00,0.00
2024-11-25 15:35:01,1286.26,81.75,0.00,0.00
2024-11-25 15:35:06,1291.35,82.00,0.00,0.00
2024-11-25 15:35:11,1296.45,81.75,0.00,0.00
2024-11-25 15:35:16,1301.50,81.00,0.00,0.00
2024-11-25 15:35:21,1306.59,81.75,0.00,0.00
2024-11-25 15:35:26,1311.69,81.50,0.00,0.00
2024-11-25 15:35:31,1316.72,81.00,0.00,0.00
2024-11-25 15:35:36,1321.76,81.25,0.00,0.00
2024-11-25 15:35:41,1326.85,81.25,0.00,0.00
2024-11-25 15:35:46,1331.94,80.50,0.00,0.00
2024-11-25 15:35:51,1337.04,80.75,0.00,0.00
2024-11-25 15:35:56,1342.06,80.50,0.00,0.00
2024-11-25 15:36:02,1347.16,80.75,0.00,0.00
2024-11-25 15:36:07,1352.17,81.00,0.00,0.00
2024-11-25 15:36:12,1357.19,80.75,0.00,0.00
2024-11-25 15:36:17,1362.20,80.75,0.00,0.00
2024-11-25 15:36:22,1367.23,80.75,0.00,0.00
2024-11-25 15:36:27,1372.32,80.25,0.00,0.00
2024-11-25 15:36:32,1377.34,80.50,0.00,0.00
2024-11-25 15:36:37,1382.44,80.25,0.00,0.00
2024-11-25 15:36:42,1387.46,80.25,0.00,0.00
2024-11-25 15:36:47,1392.47,80.50,0.00,0.00
2024-11-25 15:36:52,1397.54,80.00,0.00,0.00
2024-11-25 15:36:57,1402.58,79.75,0.00,0.00
2024-11-25 15:37:02,1407.61,79.75,0.00,0.00
2024-11-25 15:37:07,1412.62,79.50,0.00,0.00
2024-11-25 15:37:12,1417.64,80.25,0.00,0.00
2024-11-25 15:37:17,1422.73,80.00,0.00,0.00
2024-11-25 15:37:22,1427.75,79.75,0.00,0.00
2024-11-25 15:37:27,1432.85,80.00,0.00,0.00
2024-11-25 15:37:32,1437.87,79.50,0.00,0.00
2024-11-25 15:37:37,1442.88,79.75,0.00,0.00
2024-11-25 15:37:42,1447.91,79.75,0.00,0.00
2024-11-25 15:37:47,1452.99,79.00,0.00,0.00
2024-11-25 15:37:52,1458.02,79.50,0.00,0.00
2024-11-25 15:37:57,1463.12,79.50,0.00,0.00
2024-11-25 15:38:02,1468.14,79.50,0.00,0.00
2024-11-25 15:38:08,1473.17,79.25,0.00,0.00
2024-11-25 15:38:13,1478.25,79.25,0.00,0.00
2024-11-25 15:38:18,1483.27,79.00,0.00,0.00
2024-11-25 15:38:23,1488.29,79.25,0.00,0.00
2024-11-25 15:38:28,1493.33,79.00,0.00,0.00
2024-11-25 15:38:33,1498.40,79.00,0.00,0.00
2024-11-25 15:38:38,1503.41,79.00,0.00,0.00
2024-11-25 15:38:43,1508.44,78.50,0.00,0.00
2024-11-25 15:38:48,1513.46,78.75,0.00,0.00
2024-11-25 15:38:53,1518.46,78.75,0.00,0.00
2024-11-25 15:38:58,1523.46,78.25,0.00,0.00
2024-11-25 15:39:03,1528.46,78.75,0.00,0.00
2024-11-25 15:39:08,1533.50,78.50,0.00,0.00
2024-11-25 15:39:13,1538.59,78.00,0.00,0.00
2024-11-25 15:39:18,1543.62,78.25,0.00,0.00
2024-11-25 15:39:23,1548.64,77.75,0.00,0.00
2024-11-25 15:39:28,1553.72,78.00,0.00,0.00
2024-11-25 15:39:33,1558.73,77.75,0.00,0.00
2024-11-25 15:39:38,1563.75,78.00,0.00,0.00
2024-11-25 15:39:43,1568.77,77.50,0.00,0.00
2024-11-25 15:39:48,1573.86,77.75,0.00,0.00
2024-11-25 15:39:53,1578.89,77.75,0.00,0.00
2024-11-25 15:39:58,1583.97,77.50,0.00,0.00
2024-11-25 15:40:03,1589.01,77.75,0.00,0.00
2024-11-25 15:40:08,1594.02,77.00,0.00,0.00
2024-11-25 15:40:13,1599.04,77.50,0.00,0.00
2024-11-25 15:40:18,1604.04,77.75,0.00,0.00
2024-11-25 15:40:23,1609.05,76.50,0.00,0.00
2024-11-25 15:40:28,1614.06,77.00,0.00,0.00
2024-11-25 15:40:33,1619.09,77.25,0.00,0.00
2024-11-25 15:40:38,1624.10,76.75,0.00,0.00
2024-11-25 15:40:44,1629.20,77.25,0.00,0.00
2024-11-25 15:40:49,1634.20,77.00,0.00,0.00
2024-11-25 15:40:54,1639.29,76.75,0.00,0.00
2024-11-25 15:40:59,1644.33,77.00,0.00,0.00
2024-11-25 15:41:04,1649.35,76.75,0.00,0.00
2024-11-25 15:41:09,1654.44,76.75,0.00,0.00
2024-11-25 15:41:14,1659.47,76.50,0.00,0.00
2024-11-25 15:41:19,1664.57,76.50,0.00,0.00
2024-11-25 15:41:24,1669.60,75.75,0.00,0.00
2024-11-25 15:41:29,1674.68,76.50,0.00,0.00
2024-11-25 15:41:34,1679.72,76.50,0.00,0.00
2024-11-25 15:41:39,1684.81,76.00,0.00,0.00
2024-11-25 15:41:44,1689.84,76.50,0.00,0.00
2024-11-25 15:41:49,1694.93,75.75,0.00,0.00
2024-11-25 15:41:54,1699.97,76.25,0.00,0.00
2024-11-25 15:41:59,1705.07,75.75,0.00,0.00
2024-11-25 15:42:04,1710.07,76.00,0.00,0.00
2024-11-25 15:42:09,1715.12,75.75,0.00,0.00
2024-11-25 15:42:15,1720.21,75.75,0.00,0.00
2024-11-25 15:42:20,1725.21,76.00,0.00,0.00
2024-11-25 15:42:25,1730.24,75.50,0.00,0.00
2024-11-25 15:42:30,1735.34,75.25,0.00,0.00
2024-11-25 15:42:35,1740.35,75.75,0.00,0.00
2024-11-25 15:42:40,1745.39,75.50,0.00,0.00
2024-11-25 15:42:45,1750.40,75.00,0.00,0.00
2024-11-25 15:42:50,1755.48,75.50,0.00,0.00
2024-11-25 15:42:55,1760.58,75.00,0.00,0.00
2024-11-25 15:43:00,1765.59,75.25,0.00,0.00
2024-11-25 15:43:05,1770.60,75.00,0.00,0.00
2024-11-25 15:43:10,1775.63,75.25,0.00,0.00
2024-11-25 15:43:15,1780.64,75.00,0.00,0.00
2024-11-25 15:43:20,1785.67,74.25,0.00,0.00
2024-11-25 15:43:25,1790.75,75.00,0.00,0.00
2024-11-25 15:43:30,1795.76,74.75,0.00,0.00
2024-11-25 15:43:35,1800.79,74.25,0.00,0.00
2024-11-25 15:43:40,1805.81,74.25,0.00,0.00
2024-11-25 15:43:45,1810.90,74.50,0.00,0.00
2024-11-25 15:43:50,1815.91,74.50,0.00,0.00
2024-11-25 15:43:55,1820.92,74.75,0.00,0.00
2024-11-25 15:44:00,1825.96,74.50,0.00,0.00
2024-11-25 15:44:05,1830.96,74.25,0.00,0.00
2024-11-25 15:44:10,1835.97,74.50,0.00,0.00
2024-11-25 15:44:15,1840.98,74.00,0.00,0.00
2024-11-25 15:44:20,1846.08,74.25,0.00,0.00
2024-11-25 15:44:25,1851.09,74.50,0.00,0.00
2024-11-25 15:44:30,1856.09,74.25,0.00,0.00
2024-11-25 15:44:35,1861.11,73.50,0.00,0.00
2024-11-25 15:44:40,1866.11,74.00,0.00,0.00
2024-11-25 15:44:45,1871.14,74.00,0.00,0.00
2024-11-25 15:44:51,1876.19,73.75,0.00,0.00
2024-11-25 15:44:56,1881.27,73.75,0.00,0.00
2024-11-25 15:45:01,1886.35,73.75,0.00,0.00
2024-11-25 15:45:06,1891.37,73.75,0.00,0.00
2024-11-25 15:45:11,1896.38,73.25,0.00,0.00
2024-11-25 15:45:16,1901.39,73.50,0.00,0.00
2024-11-25 15:45:21,1906.43,73.75,0.00,0.00
2024-11-25 15:45:26,1911.43,73.50,0.00,0.00
2024-11-25 15:45:31,1916.44,73.50,0.00,0.00
2024-11-25 15:45:36,1921.46,73.25,0.00,0.00
2024-11-25 15:45:41,1926.55,73.00,0.00,0.00
2024-11-25 15:45:46,1931.59,73.25,0.00,0.00
2024-11-25 15:45:51,1936.68,73.00,0.00,0.00
2024-11-25 15:45:56,1941.71,73.00,0.00,0.00
2024-11-25 15:46:01,1946.77,73.25,0.00,0.00
2024-11-25 15:46:06,1951.82,73.00,0.00,0.00
2024-11-25 15:46:11,1956.84,73.00,0.00,0.00
2024-11-25 15:46:16,1961.92,72.25,0.00,0.00
2024-11-25 15:46:21,1966.93,72.50,0.00,0.00
2024-11-25 15:46:26,1971.98,73.00,0.00,0.00
2024-11-25 15:46:31,1977.06,72.75,0.00,0.00
2024-11-25 15:46:36,1982.06,72.75,0.00,0.00
2024-11-25 15:46:41,1987.10,72.25,0.00,0.00
2024-11-25 15:46:46,1992.10,72.25,0.00,0.00
2024-11-25 15:46:52,1997.20,72.50,0.00,0.00
2024-11-25 15:46:57,2002.23,72.25,0.00,0.00
2024-11-25 15:47:02,2007.25,71.75,0.00,0.00
2024-11-25 15:47:07,2012.35,72.25,0.00,0.00
2024-11-25 15:47:12,2017.44,72.25,0.00,0.00
2024-11-25 15:47:17,2022.49,71.75,0.00,0.00
2024-11-25 15:47:22,2027.51,72.25,0.00,0.00
2024-11-25 15:47:27,2032.53,72.00,0.00,0.00
2024-11-25 15:47:32,2037.62,71.25,0.00,0.00
2024-11-25 15:47:37,2042.63,71.50,0.00,0.00
2024-11-25 15:47:42,2047.72,71.75,0.00,0.00
2024-11-25 15:47:47,2052.72,71.75,0.00,0.00
2024-11-25 15:47:52,2057.73,72.00,0.00,0.00
2024-11-25 15:47:57,2062.76,71.50,0.00,0.00
2024-11-25 15:48:02,2067.85,71.50,0.00,0.00
2024-11-25 15:48:07,2072.87,71.75,0.00,0.00
2024-11-25 15:48:12,2077.88,71.00,0.00,0.00
2024-11-25 15:48:17,2082.91,71.00,0.00,0.00
2024-11-25 15:48:22,2087.94,71.50,0.00,0.00
2024-11-25 15:48:27,2093.02,71.00,0.00,0.00
2024-11-25 15:48:32,2098.03,71.25,0.00,0.00
2024-11-25 15:48:37,2103.03,71.25,0.00,0.00
2024-11-25 15:48:42,2108.08,71.25,0.00,0.00
2024-11-25 15:48:48,2113.17,71.25,0.00,0.00
2024-11-25 15:48:53,2118.19,71.00,0.00,0.00
2024-11-25 15:48:58,2123.29,71.00,0.00,0.00
2024-11-25 15:49:03,2128.31,71.25,0.00,0.00
2024-11-25 15:49:08,2133.40,71.00,0.00,0.00
2024-11-25 15:49:13,2138.43,70.50,0.00,0.00
2024-11-25 15:49:18,2143.44,70.75,0.00,0.00
2024-11-25 15:49:23,2148.44,70.00,0.00,0.00
2024-11-25 15:49:28,2153.48,70.25,0.00,0.00
2024-11-25 15:49:33,2158.57,70.75,0.00,0.00
2024-11-25 15:49:38,2163.67,69.75,0.00,0.00
2024-11-25 15:49:43,2168.70,70.50,0.00,0.00
2024-11-25 15:49:48,2173.80,70.75,0.00,0.00
2024-11-25 15:49:53,2178.83,70.50,0.00,0.00
2024-11-25 15:49:58,2183.92,70.25,0.00,0.00
2024-11-25 15:50:03,2188.95,70.00,0.00,0.00
2024-11-25 15:50:08,2194.05,70.25,0.00,0.00
2024-11-25 15:50:13,2199.15,70.25,0.00,0.00
2024-11-25 15:50:19,2204.16,70.00,0.00,0.00
2024-11-25 15:50:24,2209.19,69.75,0.00,0.00
2024-11-25 15:50:29,2214.26,70.00,0.00,0.00
2024-11-25 15:50:34,2219.31,69.25,0.00,0.00
2024-11-25 15:50:39,2224.31,69.75,0.00,0.00
2024-11-25 15:50:44,2229.35,70.00,0.00,0.00
2024-11-25 15:50:49,2234.43,69.75,0.00,0.00
2024-11-25 15:50:54,2239.45,69.50,0.00,0.00
2024-11-25 15:50:59,2244.49,69.50,0.00,0.00
2024-11-25 15:51:04,2249.58,69.25,0.00,0.00
2024-11-25 15:51:09,2254.59,69.50,0.00,0.00
2024-11-25 15:51:14,2259.69,69.25,0.00,0.00
2024-11-25 15:51:19,2264.69,69.25,0.00,0.00
2024-11-25 15:51:24,2269.71,68.75,0.00,0.00
2024-11-25 15:51:29,2274.72,69.00,0.00,0.00
2024-11-25 15:51:34,2279.74,69.00,0.00,0.00
2024-11-25 15:51:39,2284.84,69.25,0.00,0.00
2024-11-25 15:51:44,2289.85,68.75,0.00,0.00
2024-11-25 15:51:49,2294.88,69.00,0.00,0.00
2024-11-25 15:51:54,2299.97,68.50,0.00,0.00
2024-11-25 15:51:59,2304.99,68.50,0.00,0.00
2024-11-25 15:52:04,2310.01,68.25,0.00,0.00
2024-11-25 15:52:09,2315.02,68.75,0.00,0.00
2024-11-25 15:52:14,2320.12,69.00,0.00,0.00
2024-11-25 15:52:19,2325.14,68.50,0.00,0.00
2024-11-25 15:52:25,2330.24,68.50,0.00,0.00
2024-11-25 15:52:30,2335.26,68.50,0.00,0.00
2024-11-25 15:52:35,2340.35,68.50,0.00,0.00
2024-11-25 15:52:40,2345.39,68.50,0.00,0.00
2024-11-25 15:52:45,2350.49,68.25,0.00,0.00
2024-11-25 15:52:50,2355.50,68.25,0.00,0.00
2024-11-25 15:52:55,2360.52,67.75,0.00,0.00
2024-11-25 15:53:00,2365.53,68.50,0.00,0.00
2024-11-25 15:53:05,2370.53,68.25,0.00,0.00
2024-11-25 15:53:10,2375.54,67.75,0.00,0.00
2024-11-25 15:53:15,2380.64,68.00,0.00,0.00
2024-11-25 15:53:20,2385.67,67.75,0.00,0.00
2024-11-25 15:53:25,2390.71,67.50,0.00,0.00
2024-11-25 15:53:30,2395.80,68.00,0.00,0.00
2024-11-25 15:53:35,2400.89,67.75,0.00,0.00
2024-11-25 15:53:40,2405.90,67.75,0.00,0.00
2024-11-25 15:53:45,2410.97,67.75,0.00,0.00
2024-11-25 15:53:50,2416.04,67.50,0.00,0.00
2024-11-25 15:53:55,2421.04,67.75,0.00,0.00
2024-11-25 15:54:00,2426.06,67.50,0.00,0.00
2024-11-25 15:54:05,2431.08,67.50,0.00,0.00
2024-11-25 15:54:11,2436.18,67.25,0.00,0.00
2024-11-25 15:54:16,2441.18,67.25,0.00,0.00
2024-11-25 15:54:21,2446.20,67.50,0.00,0.00
2024-11-25 15:54:26,2451.25,66.75,0.00,0.00
2024-11-25 15:54:31,2456.33,66.75,0.00,0.00
2024-11-25 15:54:36,2461.35,67.25,0.00,0.00
2024-11-25 15:54:41,2466.36,67.00,0.00,0.00
2024-11-25 15:54:46,2471.37,67.00,0.00,0.00
2024-11-25 15:54:51,2476.47,66.50,0.00,0.00
2024-11-25 15:54:56,2481.51,67.00,0.00,0.00
2024-11-25 15:55:01,2486.51,66.75,0.00,0.00
2024-11-25 15:55:06,2491.51,66.25,0.00,0.00
2024-11-25 15:55:11,2496.52,66.75,0.00,0.00
2024-11-25 15:55:16,2501.54,66.75,0.00,0.00
2024-11-25 15:55:21,2506.64,66.75,0.00,0.00
2024-11-25 15:55:26,2511.65,66.50,0.00,0.00
2024-11-25 15:55:31,2516.66,66.50,0.00,0.00
2024-11-25 15:55:36,2521.67,66.50,0.00,0.00
2024-11-25 15:55:41,2526.68,66.50,0.00,0.00
2024-11-25 15:55:46,2531.70,66.50,0.00,0.00
2024-11-25 15:55:51,2536.70,66.00,0.00,0.00
2024-11-25 15:55:56,2541.76,65.50,0.00,0.00
2024-11-25 15:56:01,2546.82,66.25,0.00,0.00
2024-11-25 15:56:06,2551.84,66.25,0.00,0.00
2024-11-25 15:56:11,2556.87,66.25,0.00,0.00
2024-11-25 15:56:16,2561.97,66.00,0.00,0.00
2024-11-25 15:56:21,2566.97,66.00,0.00,0.00
2024-11-25 15:56:26,2571.98,66.25,0.00,0.00
2024-11-25 15:56:31,2576.99,65.25,0.00,0.00
2024-11-25 15:56:36,2582.03,66.00,0.00,0.00
2024-11-25 15:56:41,2587.12,65.75,0.00,0.00
2024-11-25 15:56:46,2592.15,65.25,0.00,0.00
2024-11-25 15:56:52,2597.22,65.75,0.00,0.00
2024-11-25 15:56:57,2602.26,65.50,0.00,0.00
2024-11-25 15:57:02,2607.26,65.75,0.00,0.00
2024-11-25 15:57:07,2612.26,65.25,0.00,0.00
2024-11-25 15:57:12,2617.29,65.50,0.00,0.00
2024-11-25 15:57:17,2622.32,65.25,0.00,0.00
2024-11-25 15:57:22,2627.41,65.00,0.00,0.00
2024-11-25 15:57:27,2632.42,65.25,0.00,0.00
2024-11-25 15:57:32,2637.42,65.00,0.00,0.00
2024-11-25 15:57:37,2642.48,65.25,0.00,0.00
2024-11-25 15:57:42,2647.56,65.00,0.00,0.00
2024-11-25 15:57:47,2652.57,65.25,0.00,0.00
2024-11-25 15:57:52,2657.57,65.25,0.00,0.00
2024-11-25 15:57:57,2662.58,65.25,0.00,0.00
2024-11-25 15:58:02,2667.59,65.00,0.00,0.00
2024-11-25 15:58:07,2672.61,64.75,0.00,0.00
2024-11-25 15:58:12,2677.65,64.25,0.00,0.00
2024-11-25 15:58:17,2682.74,64.50,0.00,0.00
2024-11-25 15:58:22,2687.83,64.50,0.00,0.00
2024-11-25 15:58:27,2692.89,64.50,0.00,0.00
2024-11-25 15:58:32,2697.96,64.75,0.00,0.00
2024-11-25 15:58:37,2702.98,64.25,0.00,0.00
2024-11-25 15:58:42,2707.99,64.75,0.00,0.00
2024-11-25 15:58:47,2713.09,64.50,0.00,0.00
2024-11-25 15:58:52,2718.12,64.75,0.00,0.00
2024-11-25 15:58:58,2723.21,64.50,0.00,0.00
2024-11-25 15:59:03,2728.21,64.50,0.00,0.00
2024-11-25 15:59:08,2733.23,64.25,0.00,0.00
2024-11-25 15:59:13,2738.25,64.00,0.00,0.00
2024-11-25 15:59:18,2743.30,64.25,0.00,0.00
2024-11-25 15:59:23,2748.37,64.25,0.00,0.00
2024-11-25 15:59:28,2753.38,64.25,0.00,0.00
2024-11-25 15:59:33,2758.42,64.50,0.00,0.00
2024-11-25 15:59:38,2763.51,63.75,0.00,0.00
2024-11-25 15:59:43,2768.51,63.75,0.00,0.00
2024-11-25 15:59:48,2773.55,64.00,0.00,0.00
2024-11-25 15:59:53,2778.56,63.50,0.00,0.00
2024-11-25 15:59:58,2783.57,64.00,0.00,0.00
2024-11-25 16:00:03,2788.66,63.75,0.00,0.00
2024-11-25 16:00:08,2793.74,63.50,0.00,0.00
2024-11-25 16:00:13,2798.78,63.50,0.00,0.00
2024-11-25 16:00:18,2803.80,63.75,0.00,0.00
2024-11-25 16:00:23,2808.82,63.75,0.00,0.00
2024-11-25 16:00:28,2813.92,63.75,0.00,0.00
2024-11-25 16:00:33,2818.96,64.00,0.00,0.00
2024-11-25 16:00:38,2824.04,63.50,0.00,0.00
2024-11-25 16:00:43,2829.05,63.50,0.00,0.00
2024-11-25 16:00:48,2834.07,63.25,0.00,0.00
2024-11-25 16:00:54,2839.16,62.75,0.00,0.00
2024-11-25 16:00:59,2844.18,63.25,0.00,0.00
2024-11-25 16:01:04,2849.19,63.25,0.00,0.00
2024-11-25 16:01:09,2854.21,63.25,0.00,0.00
2024-11-25 16:01:14,2859.30,63.25,0.00,0.00
2024-11-25 16:01:19,2864.32,63.00,0.00,0.00
2024-11-25 16:01:24,2869.35,62.75,0.00,0.00
2024-11-25 16:01:29,2874.44,62.75,0.00,0.00
2024-11-25 16:01:34,2879.45,63.00,0.00,0.00
2024-11-25 16:01:39,2884.46,63.00,0.00,0.00
2024-11-25 16:01:44,2889.49,63.00,0.00,0.00
2024-11-25 16:01:49,2894.49,62.75,0.00,0.00
2024-11-25 16:01:54,2899.54,62.50,0.00,0.00
2024-11-25 16:01:59,2904.61,62.75,0.00,0.00
2024-11-25 16:02:04,2909.64,63.00,0.00,0.00
2024-11-25 16:02:09,2914.73,63.00,0.00,0.00
2024-11-25 16:02:14,2919.76,62.25,0.00,0.00
2024-11-25 16:02:19,2924.86,62.25,0.00,0.00
2024-11-25 16:02:24,2929.96,62.75,0.00,0.00
2024-11-25 16:02:29,2934.99,62.50,0.00,0.00
2024-11-25 16:02:34,2940.08,62.50,0.00,0.00
2024-11-25 16:02:39,2945.10,62.25,0.00,0.00
2024-11-25 16:02:44,2950.13,62.25,0.00,0.00
2024-11-25 16:02:50,2955.19,62.25,0.00,0.00
2024-11-25 16:02:55,2960.23,62.00,0.00,0.00
2024-11-25 16:03:00,2965.26,62.25,0.00,0.00
2024-11-25 16:03:05,2970.35,61.50,0.00,0.00
2024-11-25 16:03:10,2975.39,62.00,0.00,0.00
2024-11-25 16:03:15,2980.48,62.00,0.00,0.00
2024-11-25 16:03:20,2985.51,61.75,0.00,0.00
2024-11-25 16:03:25,2990.51,61.75,0.00,0.00
2024-11-25 16:03:30,2995.54,61.75,0.00,0.00
2024-11-25 16:03:35,3000.63,61.75,0.00,0.00
2024-11-25 16:03:40,3005.66,61.75,0.00,0.00
2024-11-25 16:03:45,3010.76,61.50,0.00,0.00
2024-11-25 16:03:50,3015.77,61.75,0.00,0.00
2024-11-25 16:03:55,3020.87,61.50,0.00,0.00
2024-11-25 16:04:00,3025.90,61.50,0.00,0.00
2024-11-25 16:04:05,3030.99,61.25,0.00,0.00
2024-11-25 16:04:10,3036.03,61.25,0.00,0.00
2024-11-25 16:04:15,3041.11,61.50,0.00,0.00
2024-11-25 16:04:20,3046.14,61.25,0.00,0.00
2024-11-25 16:04:26,3051.23,61.00,0.00,0.00
2024-11-25 16:04:31,3056.26,60.75,0.00,0.00
2024-11-25 16:04:36,3061.36,61.25,0.00,0.00
2024-11-25 16:04:41,3066.45,60.75,0.00,0.00
2024-11-25 16:04:46,3071.49,61.25,0.00,0.00
2024-11-25 16:04:51,3076.59,61.25,0.00,0.00
2024-11-25 16:04:56,3081.60,61.25,0.00,0.00
2024-11-25 16:05:01,3086.65,61.25,0.00,0.00
2024-11-25 16:05:06,3091.75,61.25,0.00,0.00
2024-11-25 16:05:11,3096.76,61.00,0.00,0.00
2024-11-25 16:05:16,3101.81,61.00,0.00,0.00
2024-11-25 16:05:21,3106.86,61.25,0.00,0.00
2024-11-25 16:05:26,3111.90,61.00,0.00,0.00
2024-11-25 16:05:31,3116.99,60.75,0.00,0.00
2024-11-25 16:05:36,3121.99,60.75,0.00,0.00
2024-11-25 16:05:41,3127.00,60.75,0.00,0.00
2024-11-25 16:05:46,3132.00,61.00,0.00,0.00
2024-11-25 16:05:51,3137.10,60.75,0.00,0.00
2024-11-25 16:05:56,3142.13,60.50,0.00,0.00
2024-11-25 16:06:02,3147.16,60.50,0.00,0.00
2024-11-25 16:06:07,3152.25,60.25,0.00,0.00
2024-11-25 16:06:12,3157.27,60.50,0.00,0.00
2024-11-25 16:06:17,3162.27,59.75,0.00,0.00
2024-11-25 16:06:22,3167.29,60.50,0.00,0.00
2024-11-25 16:06:27,3172.32,59.50,0.00,0.00
2024-11-25 16:06:32,3177.41,60.50,0.00,0.00
2024-11-25 16:06:37,3182.43,60.50,0.00,0.00
2024-11-25 16:06:42,3187.53,60.25,0.00,0.00
2024-11-25 16:06:47,3192.56,59.75,0.00,0.00
2024-11-25 16:06:52,3197.59,59.75,0.00,0.00
2024-11-25 16:06:57,3202.60,60.25,0.00,0.00
2024-11-25 16:07:02,3207.60,59.50,0.00,0.00
2024-11-25 16:07:07,3212.69,59.50,0.00,0.00
2024-11-25 16:07:12,3217.71,60.00,0.00,0.00
2024-11-25 16:07:17,3222.71,60.00,0.00,0.00
2024-11-25 16:07:22,3227.75,59.25,0.00,0.00
2024-11-25 16:07:27,3232.76,59.50,0.00,0.00
2024-11-25 16:07:32,3237.78,60.00,0.00,0.00
2024-11-25 16:07:37,3242.85,59.50,0.00,0.00
2024-11-25 16:07:42,3247.95,59.75,0.00,0.00
2024-11-25 16:07:47,3252.98,59.00,0.00,0.00
2024-11-25 16:07:52,3258.00,59.25,0.00,0.00
2024-11-25 16:07:57,3263.02,59.00,0.00,0.00
2024-11-25 16:08:02,3268.04,59.25,0.00,0.00
2024-11-25 16:08:07,3273.12,59.25,0.00,0.00
2024-11-25 16:08:12,3278.13,59.75,0.00,0.00
2024-11-25 16:08:17,3283.15,59.25,0.00,0.00
2024-11-25 16:08:23,3288.19,59.00,0.00,0.00
2024-11-25 16:08:28,3293.27,59.00,0.00,0.00
2024-11-25 16:08:33,3298.29,59.25,0.00,0.00
2024-11-25 16:08:38,3303.29,59.25,0.00,0.00
2024-11-25 16:08:43,3308.34,59.25,0.00,0.00
2024-11-25 16:08:48,3313.35,59.25,0.00,0.00
2024-11-25 16:08:53,3318.35,59.25,0.00,0.00
2024-11-25 16:08:58,3323.37,59.25,0.00,0.00
2024-11-25 16:09:03,3328.46,59.00,0.00,0.00
2024-11-25 16:09:08,3333.56,59.00,0.00,0.00
2024-11-25 16:09:13,3338.61,59.00,0.00,0.00
2024-11-25 16:09:18,3343.69,58.50,0.00,0.00
2024-11-25 16:09:23,3348.70,59.25,0.00,0.00
2024-11-25 16:09:28,3353.71,59.00,0.00,0.00
2024-11-25 16:09:33,3358.73,59.25,0.00,0.00
2024-11-25 16:09:38,3363.83,59.00,0.00,0.00
2024-11-25 16:09:43,3368.83,59.00,0.00,0.00
2024-11-25 16:09:48,3373.89,58.75,0.00,0.00
2024-11-25 16:09:53,3378.96,58.50,0.00,0.00
2024-11-25 16:09:58,3383.98,58.75,0.00,0.00
2024-11-25 16:10:03,3388.98,58.50,0.00,0.00
2024-11-25 16:10:08,3394.02,58.75,0.00,0.00
2024-11-25 16:10:13,3399.02,58.25,0.00,0.00
2024-11-25 16:10:18,3404.02,58.50,0.00,0.00
2024-11-25 16:10:23,3409.04,58.25,0.00,0.00
2024-11-25 16:10:28,3414.14,58.00,0.00,0.00
2024-11-25 16:10:34,3419.18,58.25,0.00,0.00
2024-11-25 16:10:39,3424.28,58.50,0.00,0.00
2024-11-25 16:10:44,3429.29,58.50,0.00,0.00
2024-11-25 16:10:49,3434.38,58.25,0.00,0.00
2024-11-25 16:10:54,3439.41,58.25,0.00,0.00
2024-11-25 16:10:59,3444.51,57.75,0.00,0.00
2024-11-25 16:11:04,3449.54,57.75,0.00,0.00
2024-11-25 16:11:09,3454.63,57.50,0.00,0.00
2024-11-25 16:11:14,3459.65,58.00,0.00,0.00
2024-11-25 16:11:19,3464.72,58.00,0.00,0.00
2024-11-25 16:11:24,3469.76,58.00,0.00,0.00
2024-11-25 16:11:29,3474.77,57.50,0.00,0.00
2024-11-25 16:11:34,3479.78,57.75,0.00,0.00
2024-11-25 16:11:39,3484.80,57.75,0.00,0.00
2024-11-25 16:11:44,3489.81,57.75,0.00,0.00
2024-11-25 16:11:49,3494.84,57.75,0.00,0.00
2024-11-25 16:11:54,3499.85,57.75,0.00,0.00
2024-11-25 16:11:59,3504.94,57.75,0.00,0.00
2024-11-25 16:12:04,3509.94,57.75,0.00,0.00
2024-11-25 16:12:09,3514.95,57.50,0.00,0.00
2024-11-25 16:12:14,3519.97,57.50,0.00,0.00
2024-11-25 16:12:19,3525.02,57.50,0.00,0.00
2024-11-25 16:12:24,3530.09,57.25,0.00,0.00
2024-11-25 16:12:29,3535.12,57.25,0.00,0.00
2024-11-25 16:12:35,3540.21,57.50,0.00,0.00
2024-11-25 16:12:40,3545.24,57.00,0.00,0.00
2024-11-25 16:12:45,3550.24,57.25,0.00,0.00
2024-11-25 16:12:50,3555.26,57.25,0.00,0.00
2024-11-25 16:12:55,3560.27,57.25,0.00,0.00
2024-11-25 16:13:00,3565.28,57.00,0.00,0.00
2024-11-25 16:13:05,3570.35,57.25,0.00,0.00
2024-11-25 16:13:10,3575.39,56.75,0.00,0.00
2024-11-25 16:13:15,3580.40,56.75,0.00,0.00
2024-11-25 16:13:20,3585.41,56.75,0.00,0.00
2024-11-25 16:13:25,3590.46,57.00,0.00,0.00
2024-11-25 16:13:30,3595.46,56.75,0.00,0.00
2024-11-25 16:13:35,3600.47,56.75,0.00,0.00
2024-11-25 16:13:40,3605.51,56.25,0.00,0.00
2024-11-25 16:13:45,3610.58,56.75,0.00,0.00
2024-11-25 16:13:50,3615.68,56.75,0.00,0.00
2024-11-25 16:13:55,3620.71,56.25,0.00,0.00
2024-11-25 16:14:00,3625.80,56.50,0.00,0.00
2024-11-25 16:14:05,3630.83,56.50,0.00,0.00
2024-11-25 16:14:10,3635.87,57.00,0.00,0.00
2024-11-25 16:14:15,3640.91,56.50,0.00,0.00
2024-11-25 16:14:20,3645.97,56.50,0.00,0.00
2024-11-25 16:14:25,3650.98,56.25,0.00,0.00
2024-11-25 16:14:30,3656.00,56.50,0.00,0.00
2024-11-25 16:14:35,3661.10,56.50,0.00,0.00
2024-11-25 16:14:40,3666.12,56.25,0.00,0.00
2024-11-25 16:14:46,3671.21,56.25,0.00,0.00
2024-11-25 16:14:51,3676.23,56.25,0.00,0.00
2024-11-25 16:14:56,3681.23,55.75,0.00,0.00
2024-11-25 16:15:01,3686.24,56.25,0.00,0.00
2024-11-25 16:15:06,3691.25,56.25,0.00,0.00
2024-11-25 16:15:11,3696.27,56.25,0.00,0.00
2024-11-25 16:15:16,3701.28,56.00,0.00,0.00
2024-11-25 16:15:21,3706.38,56.00,0.00,0.00
2024-11-25 16:15:26,3711.38,56.00,0.00,0.00
2024-11-25 16:15:31,3716.43,56.00,0.00,0.00
2024-11-25 16:15:36,3721.52,56.00,0.00,0.00
2024-11-25 16:15:41,3726.52,56.00,0.00,0.00
2024-11-25 16:15:46,3731.56,56.00,0.00,0.00
2024-11-25 16:15:51,3736.57,55.75,0.00,0.00
2024-11-25 16:15:56,3741.66,55.25,0.00,0.00
2024-11-25 16:16:01,3746.67,55.75,0.00,0.00
2024-11-25 16:16:06,3751.70,55.50,0.00,0.00
2024-11-25 16:16:11,3756.79,54.75,0.00,0.00
2024-11-25 16:16:16,3761.83,55.25,0.00,0.00
2024-11-25 16:16:21,3766.92,55.50,0.00,0.00
2024-11-25 16:16:26,3771.92,55.50,0.00,0.00
2024-11-25 16:16:31,3776.93,55.75,0.00,0.00
2024-11-25 16:16:36,3781.93,55.50,0.00,0.00
2024-11-25 16:16:41,3786.97,55.50,0.00,0.00
2024-11-25 16:16:46,3792.00,55.50,0.00,0.00
2024-11-25 16:16:51,3797.08,55.50,0.00,0.00
2024-11-25 16:16:56,3802.10,55.50,0.00,0.00
2024-11-25 16:17:01,3807.10,55.25,0.00,0.00
2024-11-25 16:17:06,3812.11,55.50,0.00,0.00
2024-11-25 16:17:12,3817.17,55.25,0.00,0.00
2024-11-25 16:17:17,3822.25,55.25,0.00,0.00
2024-11-25 16:17:22,3827.27,55.50,0.00,0.00
2024-11-25 16:17:27,3832.36,55.25,0.00,0.00
2024-11-25 16:17:32,3837.37,55.00,0.00,0.00
2024-11-25 16:17:37,3842.39,55.00,0.00,0.00
2024-11-25 16:17:42,3847.40,54.75,0.00,0.00
2024-11-25 16:17:47,3852.42,54.75,0.00,0.00
2024-11-25 16:17:52,3857.42,55.00,0.00,0.00
2024-11-25 16:17:57,3862.46,54.25,0.00,0.00
2024-11-25 16:18:02,3867.49,55.25,0.00,0.00
2024-11-25 16:18:07,3872.56,55.00,0.00,0.00
2024-11-25 16:18:12,3877.66,55.00,0.00,0.00
2024-11-25 16:18:17,3882.66,54.25,0.00,0.00
2024-11-25 16:18:22,3887.67,55.00,0.00,0.00
2024-11-25 16:18:27,3892.69,54.50,0.00,0.00
2024-11-25 16:18:32,3897.71,54.00,0.00,0.00
2024-11-25 16:18:37,3902.72,54.00,0.00,0.00
2024-11-25 16:18:42,3907.73,54.50,0.00,0.00
2024-11-25 16:18:47,3912.83,54.25,0.00,0.00
2024-11-25 16:18:52,3917.90,54.00,0.00,0.00
2024-11-25 16:18:57,3922.97,54.75,0.00,0.00
2024-11-25 16:19:02,3927.98,54.50,0.00,0.00
2024-11-25 16:19:07,3932.99,54.25,0.00,0.00
2024-11-25 16:19:12,3938.01,54.00,0.00,0.00
2024-11-25 16:19:17,3943.03,54.25,0.00,0.00
2024-11-25 16:19:22,3948.12,54.00,0.00,0.00
2024-11-25 16:19:27,3953.15,54.00,0.00,0.00
2024-11-25 16:19:32,3958.15,54.00,0.00,0.00
2024-11-25 16:19:38,3963.17,54.00,0.00,0.00
2024-11-25 16:19:43,3968.26,54.00,0.00,0.00
2024-11-25 16:19:48,3973.27,53.75,0.00,0.00
2024-11-25 16:19:53,3978.28,53.75,0.00,0.00
2024-11-25 16:19:58,3983.32,54.00,0.00,0.00
2024-11-25 16:20:03,3988.34,53.75,0.00,0.00
2024-11-25 16:20:08,3993.41,54.00,0.00,0.00
2024-11-25 16:20:13,3998.42,54.00,0.00,0.00
2024-11-25 16:20:18,4003.46,54.00,0.00,0.00
2024-11-25 16:20:23,4008.46,54.00,0.00,0.00
2024-11-25 16:20:28,4013.48,53.75,0.00,0.00
2024-11-25 16:20:33,4018.57,53.75,0.00,0.00
2024-11-25 16:20:38,4023.60,54.00,0.00,0.00
2024-11-25 16:20:43,4028.61,53.50,0.00,0.00
2024-11-25 16:20:48,4033.62,53.75,0.00,0.00
2024-11-25 16:20:53,4038.63,53.75,0.00,0.00
2024-11-25 16:20:58,4043.63,53.25,0.00,0.00
2024-11-25 16:21:03,4048.65,53.75,0.00,0.00
2024-11-25 16:21:08,4053.66,53.50,0.00,0.00
2024-11-25 16:21:13,4058.67,53.50,0.00,0.00
2024-11-25 16:21:18,4063.68,53.50,0.00,0.00
2024-11-25 16:21:23,4068.75,53.50,0.00,0.00
2024-11-25 16:21:28,4073.83,53.25,0.00,0.00
2024-11-25 16:21:33,4078.92,53.25,0.00,0.00
2024-11-25 16:21:38,4083.94,53.25,0.00,0.00
2024-11-25 16:21:43,4089.03,53.25,0.00,0.00
2024-11-25 16:21:48,4094.03,53.75,0.00,0.00
2024-11-25 16:21:53,4099.05,53.00,0.00,0.00
2024-11-25 16:21:58,4104.06,53.25,0.00,0.00
2024-11-25 16:22:03,4109.09,53.00,0.00,0.00
2024-11-25 16:22:09,4114.18,53.00,0.00,0.00
2024-11-25 16:22:14,4119.21,53.00,0.00,0.00
2024-11-25 16:22:19,4124.30,53.25,0.00,0.00
2024-11-25 16:22:24,4129.32,53.25,0.00,0.00
2024-11-25 16:22:29,4134.42,53.00,0.00,0.00
2024-11-25 16:22:34,4139.45,53.00,0.00,0.00
2024-11-25 16:22:39,4144.54,52.50,0.00,0.00
2024-11-25 16:22:44,4149.57,53.25,0.00,0.00
2024-11-25 16:22:49,4154.57,52.25,0.00,0.00
2024-11-25 16:22:54,4159.62,52.75,0.00,0.00
2024-11-25 16:22:59,4164.70,52.50,0.00,0.00
2024-11-25 16:23:04,4169.73,52.75,0.00,0.00
2024-11-25 16:23:09,4174.74,53.00,0.00,0.00
2024-11-25 16:23:14,4179.83,52.50,0.00,0.00
2024-11-25 16:23:19,4184.84,52.75,0.00,0.00
2024-11-25 16:23:24,4189.86,52.75,0.00,0.00
2024-11-25 16:23:29,4194.96,52.75,0.00,0.00
2024-11-25 16:23:34,4199.98,53.00,0.00,0.00
2024-11-25 16:23:39,4204.99,52.75,0.00,0.00
2024-11-25 16:23:44,4210.09,52.75,0.00,0.00
2024-11-25 16:23:49,4215.12,52.50,0.00,0.00
2024-11-25 16:23:55,4220.21,52.25,0.00,0.00
2024-11-25 16:24:00,4225.24,52.50,0.00,0.00
2024-11-25 16:24:05,4230.24,52.00,0.00,0.00
2024-11-25 16:24:10,4235.25,52.50,0.00,0.00
2024-11-25 16:24:15,4240.26,52.25,0.00,0.00
2024-11-25 16:24:20,4245.27,52.00,0.00,0.00
2024-11-25 16:24:25,4250.29,52.00,0.00,0.00
2024-11-25 16:24:30,4255.39,52.25,0.00,0.00
2024-11-25 16:24:35,4260.42,52.00,0.00,0.00
2024-11-25 16:24:40,4265.42,51.75,0.00,0.00
2024-11-25 16:24:45,4270.43,52.25,0.00,0.00
2024-11-25 16:24:50,4275.44,52.00,0.00,0.00
2024-11-25 16:24:55,4280.48,52.25,0.00,0.00
2024-11-25 16:25:00,4285.58,52.25,0.00,0.00
2024-11-25 16:25:05,4290.64,52.00,0.00,0.00
2024-11-25 16:25:10,4295.68,52.25,0.00,0.00
2024-11-25 16:25:15,4300.71,52.00,0.00,0.00
2024-11-25 16:25:20,4305.81,52.00,0.00,0.00
2024-11-25 16:25:25,4310.91,52.00,0.00,0.00
2024-11-25 16:25:30,4315.93,51.75,0.00,0.00
2024-11-25 16:25:35,4321.03,52.00,0.00,0.00
2024-11-25 16:25:40,4326.06,51.75,0.00,0.00
2024-11-25 16:25:45,4331.07,51.50,0.00,0.00
2024-11-25 16:25:51,4336.17,51.75,0.00,0.00
2024-11-25 16:25:56,4341.18,52.00,0.00,0.00
2024-11-25 16:26:01,4346.20,51.75,0.00,0.00
2024-11-25 16:26:06,4351.20,51.25,0.00,0.00
2024-11-25 16:26:11,4356.24,51.75,0.00,0.00
2024-11-25 16:26:16,4361.24,51.75,0.00,0.00
2024-11-25 16:26:21,4366.30,51.50,0.00,0.00
2024-11-25 16:26:26,4371.37,51.75,0.00,0.00
2024-11-25 16:26:31,4376.47,51.50,0.00,0.00
2024-11-25 16:26:36,4381.48,51.75,0.00,0.00
2024-11-25 16:26:41,4386.51,51.50,0.00,0.00
2024-11-25 16:26:46,4391.60,51.50,0.00,0.00
2024-11-25 16:26:51,4396.62,51.50,0.00,0.00
2024-11-25 16:26:56,4401.62,51.00,0.00,0.00
2024-11-25 16:27:01,4406.63,51.50,0.00,0.00
2024-11-25 16:27:06,4411.64,51.25,0.00,0.00
2024-11-25 16:27:11,4416.66,51.25,0.00,0.00
2024-11-25 16:27:16,4421.72,51.50,0.00,0.00
2024-11-25 16:27:21,4426.77,51.50,0.00,0.00
2024-11-25 16:27:26,4431.80,51.00,0.00,0.00
2024-11-25 16:27:31,4436.89,51.00,0.00,0.00
2024-11-25 16:27:36,4441.92,50.75,0.00,0.00
2024-11-25 16:27:41,4447.01,50.75,0.00,0.00
2024-11-25 16:27:46,4452.04,50.75,0.00,0.00
2024-11-25 16:27:51,4457.04,51.25,0.00,0.00
2024-11-25 16:27:56,4462.06,51.00,0.00,0.00
2024-11-25 16:28:01,4467.07,51.00,0.00,0.00
2024-11-25 16:28:06,4472.08,51.00,0.00,0.00
2024-11-25 16:28:11,4477.09,50.75,0.00,0.00
2024-11-25 16:28:16,4482.10,50.75,0.00,0.00
2024-11-25 16:28:21,4487.12,51.00,0.00,0.00
2024-11-25 16:28:27,4492.23,51.00,0.00,0.00
2024-11-25 16:28:32,4497.23,50.25,0.00,0.00
2024-11-25 16:28:37,4502.25,50.50,0.00,0.00
2024-11-25 16:28:42,4507.35,51.00,0.00,0.00
2024-11-25 16:28:47,4512.39,50.75,0.00,0.00
2024-11-25 16:28:52,4517.39,50.25,0.00,0.00
2024-11-25 16:28:57,4522.48,50.75,0.00,0.00
2024-11-25 16:29:02,4527.50,50.75,0.00,0.00
2024-11-25 16:29:07,4532.52,50.75,0.00,0.00
2024-11-25 16:29:12,4537.61,50.25,0.00,0.00
2024-11-25 16:29:17,4542.63,50.75,0.00,0.00
2024-11-25 16:29:22,4547.64,50.75,0.00,0.00
2024-11-25 16:29:27,4552.66,50.50,0.00,0.00
2024-11-25 16:29:32,4557.69,50.50,0.00,0.00
2024-11-25 16:29:37,4562.78,50.00,0.00,0.00
2024-11-25 16:29:42,4567.79,49.75,0.00,0.00
2024-11-25 16:29:47,4572.82,50.50,0.00,0.00
2024-11-25 16:29:52,4577.92,50.00,0.00,0.00
2024-11-25 16:29:57,4582.93,50.25,0.00,0.00
2024-11-25 16:30:02,4587.94,50.50,0.00,0.00
2024-11-25 16:30:07,4592.96,50.25,0.00,0.00
2024-11-25 16:30:12,4597.97,50.00,0.00,0.00
2024-11-25 16:30:17,4603.06,50.00,0.00,0.00
2024-11-25 16:30:22,4608.07,50.00,0.00,0.00
2024-11-25 16:30:27,4613.11,50.25,0.00,0.00
2024-11-25 16:30:33,4618.19,50.25,0.00,0.00
2024-11-25 16:30:38,4623.29,50.25,0.00,0.00
2024-11-25 16:30:43,4628.31,49.75,0.00,0.00
2024-11-25 16:30:48,4633.34,49.50,0.00,0.00
2024-11-25 16:30:53,4638.36,50.25,0.00,0.00
2024-11-25 16:30:58,4643.37,49.75,0.00,0.00
2024-11-25 16:31:03,4648.37,50.00,0.00,0.00
2024-11-25 16:31:08,4653.37,49.50,0.00,0.00
2024-11-25 16:31:13,4658.41,50.00,0.00,0.00
2024-11-25 16:31:18,4663.49,49.25,0.00,0.00
2024-11-25 16:31:23,4668.52,49.75,0.00,0.00
2024-11-25 16:31:28,4673.53,49.75,0.00,0.00
2024-11-25 16:31:33,4678.58,49.50,0.00,0.00
2024-11-25 16:31:38,4683.67,49.50,0.00,0.00
2024-11-25 16:31:43,4688.68,49.50,0.00,0.00
2024-11-25 16:31:48,4693.77,49.50,0.00,0.00
2024-11-25 16:31:53,4698.83,49.50,0.00,0.00
2024-11-25 16:31:58,4703.90,49.50,0.00,0.00
2024-11-25 16:32:03,4708.96,49.25,0.00,0.00
2024-11-25 16:32:08,4714.04,48.75,0.00,0.00
2024-11-25 16:32:13,4719.07,49.00,0.00,0.00
2024-11-25 16:32:18,4724.14,49.50,0.00,0.00
2024-11-25 16:32:23,4729.15,49.50,0.00,0.00
2024-11-25 16:32:28,4734.16,49.25,0.00,0.00
2024-11-25 16:32:34,4739.17,49.00,0.00,0.00
2024-11-25 16:32:39,4744.18,48.50,0.00,0.00
2024-11-25 16:32:44,4749.20,49.00,0.00,0.00
2024-11-25 16:32:49,4754.30,49.00,0.00,0.00
2024-11-25 16:32:54,4759.33,49.25,0.00,0.00
2024-11-25 16:32:59,4764.41,48.50,0.00,0.00
2024-11-25 16:33:04,4769.45,49.25,0.00,0.00
2024-11-25 16:33:09,4774.46,48.50,0.00,0.00
2024-11-25 16:33:14,4779.48,48.50,0.00,0.00
2024-11-25 16:33:19,4784.58,49.00,0.00,0.00
2024-11-25 16:33:24,4789.58,49.25,0.00,0.00
2024-11-25 16:33:29,4794.60,48.75,0.00,0.00
2024-11-25 16:33:34,4799.62,49.00,0.00,0.00
2024-11-25 16:33:39,4804.70,49.25,0.00,0.00
2024-11-25 16:33:44,4809.73,49.00,0.00,0.00
2024-11-25 16:33:49,4814.73,49.00,0.00,0.00
2024-11-25 16:33:54,4819.74,49.00,0.00,0.00
2024-11-25 16:33:59,4824.75,48.75,0.00,0.00
2024-11-25 16:34:04,4829.76,48.50,0.00,0.00
2024-11-25 16:34:09,4834.77,49.00,0.00,0.00
2024-11-25 16:34:14,4839.78,48.75,0.00,0.00
2024-11-25 16:34:19,4844.79,49.00,0.00,0.00
2024-11-25 16:34:24,4849.81,48.75,0.00,0.00
2024-11-25 16:34:29,4854.83,48.25,0.00,0.00
2024-11-25 16:34:34,4859.93,48.75,0.00,0.00
2024-11-25 16:34:39,4864.94,48.50,0.00,0.00
2024-11-25 16:34:44,4869.96,48.75,0.00,0.00
2024-11-25 16:34:49,4874.97,48.75,0.00,0.00
2024-11-25 16:34:54,4880.02,48.75,0.00,0.00
2024-11-25 16:34:59,4885.11,48.75,0.00,0.00
2024-11-25 16:35:05,4890.20,48.25,0.00,0.00
2024-11-25 16:35:10,4895.21,48.50,0.00,0.00
2024-11-25 16:35:15,4900.22,48.25,0.00,0.00
2024-11-25 16:35:20,4905.23,48.00,0.00,0.00
2024-11-25 16:35:25,4910.25,48.25,0.00,0.00
2024-11-25 16:35:30,4915.26,48.50,0.00,0.00
2024-11-25 16:35:35,4920.36,48.25,0.00,0.00
2024-11-25 16:35:40,4925.39,48.50,0.00,0.00
2024-11-25 16:35:45,4930.47,48.00,0.00,0.00
2024-11-25 16:35:50,4935.50,48.50,0.00,0.00
2024-11-25 16:35:55,4940.52,48.50,0.00,0.00
2024-11-25 16:36:00,4945.61,47.75,0.00,0.00
2024-11-25 16:36:05,4950.64,47.50,0.00,0.00
2024-11-25 16:36:10,4955.64,47.75,0.00,0.00
2024-11-25 16:36:15,4960.65,47.75,0.00,0.00
2024-11-25 16:36:20,4965.68,47.75,0.00,0.00
2024-11-25 16:36:25,4970.78,48.00,0.00,0.00
2024-11-25 16:36:30,4975.80,48.00,0.00,0.00
2024-11-25 16:36:35,4980.80,48.00,0.00,0.00
2024-11-25 16:36:40,4985.82,47.75,0.00,0.00
2024-11-25 16:36:45,4990.84,47.75,0.00,0.00
2024-11-25 16:36:50,4995.86,48.00,0.00,0.00
2024-11-25 16:36:55,5000.94,47.75,0.00,0.00
2024-11-25 16:37:00,5005.95,47.75,0.00,0.00
2024-11-25 16:37:05,5011.05,47.50,0.00,0.00
2024-11-25 16:37:10,5016.07,47.50,0.00,0.00
2024-11-25 16:37:15,5021.09,47.50,0.00,0.00
2024-11-25 16:37:20,5026.11,47.50,0.00,0.00
2024-11-25 16:37:25,5031.12,47.50,0.00,0.00
2024-11-25 16:37:30,5036.14,47.75,0.00,0.00
2024-11-25 16:37:35,5041.14,47.50,0.00,0.00
2024-11-25 16:37:40,5046.14,47.25,0.00,0.00
2024-11-25 16:37:45,5051.15,47.50,0.00,0.00
2024-11-25 16:37:51,5056.16,47.75,0.00,0.00
2024-11-25 16:37:56,5061.16,47.50,0.00,0.00
2024-11-25 16:38:01,5066.20,47.50,0.00,0.00
2024-11-25 16:38:06,5071.21,47.50,0.00,0.00
2024-11-25 16:38:11,5076.23,47.75,0.00,0.00
2024-11-25 16:38:16,5081.33,47.00,0.00,0.00
2024-11-25 16:38:21,5086.34,46.75,0.00,0.00
2024-11-25 16:38:26,5091.40,47.75,0.00,0.00
2024-11-25 16:38:31,5096.48,47.25,0.00,0.00
2024-11-25 16:38:36,5101.57,47.50,0.00,0.00
2024-11-25 16:38:41,5106.64,47.50,0.00,0.00
2024-11-25 16:38:46,5111.69,47.25,0.00,0.00
2024-11-25 16:38:51,5116.70,47.00,0.00,0.00
2024-11-25 16:38:56,5121.74,46.75,0.00,0.00
2024-11-25 16:39:01,5126.81,46.75,0.00,0.00
2024-11-25 16:39:06,5131.84,47.00,0.00,0.00
2024-11-25 16:39:11,5136.85,46.50,0.00,0.00
2024-11-25 16:39:16,5141.85,47.00,0.00,0.00
2024-11-25 16:39:21,5146.86,46.75,0.00,0.00
2024-11-25 16:39:26,5151.87,46.75,0.00,0.00
2024-11-25 16:39:31,5156.88,46.50,0.00,0.00
2024-11-25 16:39:36,5161.89,46.75,0.00,0.00
2024-11-25 16:39:41,5166.92,46.75,0.00,0.00
2024-11-25 16:39:46,5171.92,46.75,0.00,0.00
2024-11-25 16:39:51,5176.94,46.50,0.00,0.00
2024-11-25 16:39:56,5181.94,46.75,0.00,0.00
2024-11-25 16:40:01,5187.02,47.25,0.00,0.00
2024-11-25 16:40:06,5192.07,47.00,0.00,0.00
2024-11-25 16:40:11,5197.09,46.75,0.00,0.00
2024-11-25 16:40:17,5202.18,46.75,0.00,0.00
2024-11-25 16:40:22,5207.21,46.75,0.00,0.00
2024-11-25 16:40:27,5212.22,46.50,0.00,0.00
2024-11-25 16:40:32,5217.26,46.75,0.00,0.00
2024-11-25 16:40:37,5222.33,46.75,0.00,0.00
2024-11-25 16:40:42,5227.34,46.75,0.00,0.00
2024-11-25 16:40:47,5232.36,46.50,0.00,0.00
2024-11-25 16:40:52,5237.37,46.75,0.00,0.00
2024-11-25 16:40:57,5242.38,46.50,0.00,0.00
2024-11-25 16:41:02,5247.39,46.25,0.00,0.00
2024-11-25 16:41:07,5252.41,46.50,0.00,0.00
2024-11-25 16:41:12,5257.51,46.50,0.00,0.00
2024-11-25 16:41:17,5262.52,46.75,0.00,0.00
2024-11-25 16:41:22,5267.54,46.25,0.00,0.00
2024-11-25 16:41:27,5272.58,46.75,0.00,0.00
2024-11-25 16:41:32,5277.66,46.50,0.00,0.00
2024-11-25 16:41:37,5282.76,45.75,0.00,0.00
2024-11-25 16:41:42,5287.79,46.00,0.00,0.00
2024-11-25 16:41:47,5292.80,46.25,0.00,0.00
2024-11-25 16:41:52,5297.86,45.75,0.00,0.00
2024-11-25 16:41:57,5302.92,46.25,0.00,0.00
2024-11-25 16:42:02,5307.92,46.25,0.00,0.00
2024-11-25 16:42:07,5312.93,46.25,0.00,0.00
2024-11-25 16:42:12,5317.95,46.00,0.00,0.00
2024-11-25 16:42:17,5322.95,46.25,0.00,0.00
2024-11-25 16:42:22,5327.97,45.75,0.00,0.00
2024-11-25 16:42:27,5332.97,45.75,0.00,0.00
2024-11-25 16:42:32,5337.99,46.25,0.00,0.00
2024-11-25 16:42:37,5343.01,46.00,0.00,0.00
2024-11-25 16:42:42,5348.01,46.00,0.00,0.00
2024-11-25 16:42:47,5353.03,45.75,0.00,0.00
2024-11-25 16:42:52,5358.04,46.00,0.00,0.00
2024-11-25 16:42:57,5363.04,45.75,0.00,0.00
2024-11-25 16:43:02,5368.06,45.75,0.00,0.00
2024-11-25 16:43:07,5373.07,46.00,0.00,0.00
2024-11-25 16:43:12,5378.10,45.50,0.00,0.00
2024-11-25 16:43:17,5383.12,46.00,0.00,0.00
2024-11-25 16:43:23,5388.20,45.75,0.00,0.00
2024-11-25 16:43:28,5393.21,46.25,0.00,0.00
2024-11-25 16:43:33,5398.25,45.50,0.00,0.00
2024-11-25 16:43:38,5403.33,46.00,0.00,0.00
2024-11-25 16:43:43,5408.35,45.75,0.00,0.00
2024-11-25 16:43:48,5413.38,45.75,0.00,0.00
2024-11-25 16:43:53,5418.46,45.50,0.00,0.00
2024-11-25 16:43:58,5423.46,45.75,0.00,0.00
2024-11-25 16:44:03,5428.50,45.75,0.00,0.00
2024-11-25 16:44:08,5433.60,45.75,0.00,0.00
2024-11-25 16:44:13,5438.61,45.25,0.00,0.00
2024-11-25 16:44:18,5443.61,45.50,0.00,0.00
2024-11-25 16:44:23,5448.63,44.75,0.00,0.00
2024-11-25 16:44:28,5453.63,45.75,0.00,0.00
2024-11-25 16:44:33,5458.66,45.00,0.00,0.00
2024-11-25 16:44:38,5463.66,45.25,0.00,0.00
2024-11-25 16:44:43,5468.67,45.50,0.00,0.00
2024-11-25 16:44:48,5473.70,45.25,0.00,0.00
2024-11-25 16:44:53,5478.76,45.75,0.00,0.00
2024-11-25 16:44:58,5483.83,45.50,0.00,0.00
2024-11-25 16:45:03,5488.84,45.50,0.00,0.00
2024-11-25 16:45:08,5493.84,45.00,0.00,0.00
2024-11-25 16:45:13,5498.94,45.25,0.00,0.00
2024-11-25 16:45:18,5503.97,45.00,0.00,0.00
2024-11-25 16:45:23,5508.98,45.00,0.00,0.00
2024-11-25 16:45:28,5513.99,45.25,0.00,0.00
2024-11-25 16:45:33,5519.02,44.50,0.00,0.00
2024-11-25 16:45:38,5524.11,45.50,0.00,0.00
2024-11-25 16:45:44,5529.16,44.75,0.00,0.00
2024-11-25 16:45:49,5534.23,45.25,0.00,0.00
2024-11-25 16:45:54,5539.24,45.25,0.00,0.00
2024-11-25 16:45:59,5544.26,44.75,0.00,0.00
2024-11-25 16:46:04,5549.27,45.25,0.00,0.00
2024-11-25 16:46:09,5554.28,45.50,0.00,0.00
2024-11-25 16:46:14,5559.37,45.25,0.00,0.00
2024-11-25 16:46:19,5564.38,45.25,0.00,0.00
2024-11-25 16:46:24,5569.40,45.25,0.00,0.00
2024-11-25 16:46:29,5574.50,44.75,0.00,0.00
2024-11-25 16:46:34,5579.53,44.75,0.00,0.00
2024-11-25 16:46:39,5584.56,44.75,0.00,0.00
2024-11-25 16:46:44,5589.66,45.25,0.00,0.00
2024-11-25 16:46:49,5594.76,44.50,0.00,0.00
2024-11-25 16:46:54,5599.77,44.75,0.00,0.00
2024-11-25 16:46:59,5604.80,45.00,0.00,0.00
2024-11-25 16:47:04,5609.86,45.00,0.00,0.00
2024-11-25 16:47:09,5614.90,45.00,0.00,0.00
2024-11-25 16:47:14,5619.92,45.00,0.00,0.00
2024-11-25 16:47:19,5624.95,44.75,0.00,0.00
2024-11-25 16:47:24,5629.95,45.00,0.00,0.00
2024-11-25 16:47:29,5635.05,44.50,0.00,0.00
2024-11-25 16:47:34,5640.05,44.75,0.00,0.00
2024-11-25 16:47:39,5645.06,44.75,0.00,0.00
2024-11-25 16:47:44,5650.09,44.75,0.00,0.00
2024-11-25 16:47:49,5655.10,44.75,0.00,0.00
2024-11-25 16:47:55,5660.20,44.25,0.00,0.00
2024-11-25 16:48:00,5665.21,44.75,0.00,0.00
2024-11-25 16:48:05,5670.22,44.75,0.00,0.00
2024-11-25 16:48:10,5675.23,44.75,0.00,0.00
2024-11-25 16:48:15,5680.25,44.25,0.00,0.00
2024-11-25 16:48:20,5685.26,44.00,0.00,0.00
2024-11-25 16:48:25,5690.30,44.75,0.00,0.00
2024-11-25 16:48:30,5695.38,44.75,0.00,0.00
2024-11-25 16:48:35,5700.40,44.25,0.00,0.00
2024-11-25 16:48:40,5705.48,44.50,0.00,0.00
2024-11-25 16:48:45,5710.53,44.75,0.00,0.00
2024-11-25 16:48:50,5715.62,44.25,0.00,0.00
2024-11-25 16:48:55,5720.63,44.50,0.00,0.00
2024-11-25 16:49:00,5725.65,44.50,0.00,0.00
2024-11-25 16:49:05,5730.66,44.00,0.00,0.00
2024-11-25 16:49:10,5735.76,44.00,0.00,0.00
2024-11-25 16:49:15,5740.78,44.00,0.00,0.00
2024-11-25 16:49:20,5745.88,44.50,0.00,0.00
2024-11-25 16:49:25,5750.90,44.00,0.00,0.00
2024-11-25 16:49:30,5755.92,44.00,0.00,0.00
2024-11-25 16:49:35,5761.02,43.75,0.00,0.00
2024-11-25 16:49:40,5766.02,44.00,0.00,0.00
2024-11-25 16:49:45,5771.03,44.50,0.00,0.00
2024-11-25 16:49:50,5776.06,43.75,0.00,0.00
2024-11-25 16:49:55,5781.09,44.50,0.00,0.00
2024-11-25 16:50:00,5786.10,44.00,0.00,0.00
2024-11-25 16:50:06,5791.20,43.75,0.00,0.00
2024-11-25 16:50:11,5796.21,44.00,0.00,0.00
2024-11-25 16:50:16,5801.22,43.75,0.00,0.00
2024-11-25 16:50:21,5806.23,44.00,0.00,0.00
2024-11-25 16:50:26,5811.24,44.25,0.00,0.00
2024-11-25 16:50:31,5816.32,43.75,0.00,0.00
2024-11-25 16:50:36,5821.36,43.25,0.00,0.00
2024-11-25 16:50:41,5826.37,43.50,0.00,0.00
2024-11-25 16:50:46,5831.41,44.00,0.00,0.00
2024-11-25 16:50:51,5836.49,43.75,0.00,0.00
2024-11-25 16:50:56,5841.50,43.75,0.00,0.00
2024-11-25 16:51:01,5846.51,43.75,0.00,0.00
2024-11-25 16:51:06,5851.54,43.25,0.00,0.00
2024-11-25 16:51:11,5856.62,43.75,0.00,0.00
2024-11-25 16:51:16,5861.66,43.25,0.00,0.00
2024-11-25 16:51:21,5866.76,43.75,0.00,0.00
2024-11-25 16:51:26,5871.78,43.75,0.00,0.00
2024-11-25 16:51:31,5876.80,43.50,0.00,0.00
2024-11-25 16:51:36,5881.89,43.50,0.00,0.00
2024-11-25 16:51:41,5886.94,43.75,0.00,0.00
2024-11-25 16:51:46,5892.03,43.50,0.00,0.00
2024-11-25 16:51:51,5897.05,43.50,0.00,0.00
2024-11-25 16:51:56,5902.14,43.50,0.00,0.00
2024-11-25 16:52:02,5907.17,43.50,0.00,0.00
2024-11-25 16:52:07,5912.17,43.00,0.00,0.00
2024-11-25 16:52:12,5917.18,43.75,0.00,0.00
2024-11-25 16:52:17,5922.28,43.50,0.00,0.00
2024-11-25 16:52:22,5927.29,43.25,0.00,0.00
2024-11-25 16:52:27,5932.30,43.50,0.00,0.00
2024-11-25 16:52:32,5937.32,43.50,0.00,0.00
2024-11-25 16:52:37,5942.33,43.00,0.00,0.00
2024-11-25 16:52:42,5947.35,43.00,0.00,0.00
2024-11-25 16:52:47,5952.35,43.00,0.00,0.00
2024-11-25 16:52:52,5957.44,43.50,0.00,0.00
2024-11-25 16:52:57,5962.47,43.50,0.00,0.00
2024-11-25 16:53:02,5967.57,43.50,0.00,0.00
2024-11-25 16:53:07,5972.63,43.00,0.00,0.00
2024-11-25 16:53:12,5977.71,43.50,0.00,0.00
2024-11-25 16:53:17,5982.72,43.25,0.00,0.00
2024-11-25 16:53:22,5987.78,42.75,0.00,0.00
2024-11-25 16:53:27,5992.85,43.25,0.00,0.00
2024-11-25 16:53:32,5997.95,43.25,0.00,0.00
2024-11-25 16:53:37,6003.02,43.25,0.00,0.00
2024-11-25 16:53:42,6008.07,43.25,0.00,0.00
2024-11-25 16:53:47,6013.08,43.00,0.00,0.00
2024-11-25 16:53:52,6018.09,43.00,0.00,0.00
2024-11-25 16:53:57,6023.11,43.25,0.00,0.00
2024-11-25 16:54:02,6028.13,43.00,0.00,0.00
2024-11-25 16:54:08,6033.22,43.25,0.00,0.00
2024-11-25 16:54:13,6038.24,43.25,0.00,0.00
2024-11-25 16:54:18,6043.24,42.75,0.00,0.00
2024-11-25 16:54:23,6048.26,42.75,0.00,0.00
2024-11-25 16:54:28,6053.27,42.75,0.00,0.00
2024-11-25 16:54:33,6058.37,42.50,0.00,0.00
2024-11-25 16:54:38,6063.40,43.00,0.00,0.00
2024-11-25 16:54:43,6068.41,43.00,0.00,0.00
2024-11-25 16:54:48,6073.51,43.00,0.00,0.00
2024-11-25 16:54:53,6078.53,43.00,0.00,0.00
2024-11-25 16:54:58,6083.53,42.50,0.00,0.00
2024-11-25 16:55:03,6088.54,42.25,0.00,0.00
2024-11-25 16:55:08,6093.57,43.00,0.00,0.00
2024-11-25 16:55:13,6098.67,42.75,0.00,0.00
2024-11-25 16:55:18,6103.69,42.25,0.00,0.00
2024-11-25 16:55:23,6108.79,42.75,0.00,0.00
2024-11-25 16:55:28,6113.80,43.00,0.00,0.00
2024-11-25 16:55:33,6118.81,42.50,0.00,0.00
2024-11-25 16:55:38,6123.83,42.25,0.00,0.00
2024-11-25 16:55:43,6128.83,43.00,0.00,0.00
2024-11-25 16:55:48,6133.84,42.75,0.00,0.00
2024-11-25 16:55:53,6138.85,42.50,0.00,0.00
2024-11-25 16:55:58,6143.88,42.75,0.00,0.00
2024-11-25 16:56:03,6148.89,42.50,0.00,0.00
2024-11-25 16:56:08,6153.90,43.00,0.00,0.00
2024-11-25 16:56:13,6158.98,42.00,0.00,0.00
2024-11-25 16:56:18,6164.02,42.50,0.00,0.00
2024-11-25 16:56:23,6169.02,42.25,0.00,0.00
2024-11-25 16:56:28,6174.05,42.25,0.00,0.00
2024-11-25 16:56:33,6179.13,42.00,0.00,0.00
2024-11-25 16:56:38,6184.15,42.50,0.00,0.00
2024-11-25 16:56:44,6189.18,42.50,0.00,0.00
2024-11-25 16:56:49,6194.29,41.75,0.00,0.00
2024-11-25 16:56:54,6199.39,42.25,0.00,0.00
2024-11-25 16:56:59,6204.40,42.00,0.00,0.00
2024-11-25 16:57:04,6209.41,42.00,0.00,0.00
2024-11-25 16:57:09,6214.44,42.00,0.00,0.00
2024-11-25 16:57:14,6219.54,42.00,0.00,0.00
2024-11-25 16:57:19,6224.57,42.25,0.00,0.00
2024-11-25 16:57:24,6229.67,41.75,0.00,0.00
2024-11-25 16:57:29,6234.68,42.00,0.00,0.00
2024-11-25 16:57:34,6239.69,42.50,0.00,0.00
2024-11-25 16:57:39,6244.78,42.50,0.00,0.00
2024-11-25 16:57:44,6249.79,42.25,0.00,0.00
2024-11-25 16:57:49,6254.81,42.25,0.00,0.00
2024-11-25 16:57:54,6259.81,42.00,0.00,0.00
2024-11-25 16:57:59,6264.85,42.25,0.00,0.00
2024-11-25 16:58:04,6269.95,42.25,0.00,0.00
2024-11-25 16:58:09,6274.98,42.25,0.00,0.00
2024-11-25 16:58:14,6280.07,41.75,0.00,0.00
2024-11-25 16:58:19,6285.09,42.00,0.00,0.00
2024-11-25 16:58:24,6290.10,42.00,0.00,0.00
2024-11-25 16:58:29,6295.13,41.50,0.00,0.00
2024-11-25 16:58:34,6300.14,42.00,0.00,0.00
2024-11-25 16:58:40,6305.22,42.00,0.00,0.00
2024-11-25 16:58:45,6310.32,42.00,0.00,0.00
2024-11-25 16:58:50,6315.39,41.50,0.00,0.00
2024-11-25 16:58:55,6320.46,42.00,0.00,0.00
